{
  "train_loss": [
    10.318303113543122,
    9.63365293215107,
    9.132708038031723,
    8.628385645051242,
    8.017852506158071,
    7.4343727234355566,
    6.8793283654324835,
    6.23338397255157,
    5.670314914021412,
    5.116688146271519,
    4.54865895836047,
    4.031622562994504,
    3.5005540155165686,
    3.1257244488380476,
    2.5854241781394576,
    2.3509260123002464,
    1.5104867436366374,
    1.1464405594258336,
    1.0119350685753636,
    0.9574112309423904,
    0.8428249175988096,
    0.7780385798249165,
    0.6761832054933357
  ],
  "val_loss": [
    10.039596655429937,
    9.579561086801382,
    9.687915728642391,
    9.053721317878136,
    8.237030701759535,
    8.0076265335083,
    7.642993511297764,
    7.162674659337753,
    7.195031361702161,
    6.459393696907239,
    6.7767037611741285,
    6.001087225400484,
    6.258735057635185,
    6.373734535315098,
    7.5695259387676535,
    6.929781033442571,
    5.30726868678362,
    5.246175869917258,
    5.323324093451867,
    5.451429593257415,
    5.485374230604905,
    5.547348841642722,
    5.542161984321399
  ],
  "train_acc": [
    0.11929824561403508,
    0.14298245614035088,
    0.16421052631578947,
    0.19666666666666666,
    0.23333333333333334,
    0.29543859649122806,
    0.34,
    0.3968421052631579,
    0.45228070175438595,
    0.5026315789473684,
    0.5673684210526316,
    0.6149122807017544,
    0.6770175438596491,
    0.7077192982456141,
    0.7694736842105263,
    0.7947368421052632,
    0.875438596491228,
    0.9124561403508772,
    0.9287719298245614,
    0.9345614035087719,
    0.9385964912280702,
    0.9485964912280702,
    0.9563157894736842
  ],
  "val_acc": [
    0.12193126022913257,
    0.1579378068739771,
    0.1546644844517185,
    0.19230769230769232,
    0.2332242225859247,
    0.251227495908347,
    0.30851063829787234,
    0.33878887070376434,
    0.35106382978723405,
    0.3862520458265139,
    0.4083469721767594,
    0.46153846153846156,
    0.4844517184942717,
    0.455810147299509,
    0.4672667757774141,
    0.4705400981996727,
    0.5769230769230769,
    0.5981996726677578,
    0.6039279869067103,
    0.5867430441898527,
    0.5932896890343698,
    0.6014729950900164,
    0.5859247135842881
  ]
}